<?xml version="1.0" encoding="UTF-8"?>
<!DOCTYPE mapper PUBLIC "-//mybatis.org//DTD Mapper 3.0//EN" "http://mybatis.org/dtd/mybatis-3-mapper.dtd">
<mapper namespace="com.ipaynow.mapper.UserMapper">
  <resultMap id="BaseResultMap" type="com.ipaynow.domain.User">
    <id column="id" jdbcType="INTEGER" property="id" />
    <result column="username" jdbcType="VARCHAR" property="username" />
    <result column="password" jdbcType="VARCHAR" property="password" />
    <result column="merchant_id" jdbcType="INTEGER" property="merchantId" />
    <result column="create_time" jdbcType="TIMESTAMP" property="createTime" />
    <result column="enable" jdbcType="INTEGER" property="enable" />
    <result column="parent_id" jdbcType="INTEGER" property="parentId" />
    <result column="operator_name" jdbcType="VARCHAR" property="operatorName" />
    <result column="operator_description" jdbcType="VARCHAR" property="operatorDescription" />
  </resultMap>
  <sql id="Example_Where_Clause">
    <where>
      <foreach collection="oredCriteria" item="criteria" separator="or">
        <if test="criteria.valid">
          <trim prefix="(" prefixOverrides="and" suffix=")">
            <foreach collection="criteria.criteria" item="criterion">
              <choose>
                <when test="criterion.noValue">
                  and ${criterion.condition}
                </when>
                <when test="criterion.singleValue">
                  and ${criterion.condition} #{criterion.value}
                </when>
                <when test="criterion.betweenValue">
                  and ${criterion.condition} #{criterion.value} and #{criterion.secondValue}
                </when>
                <when test="criterion.listValue">
                  and ${criterion.condition}
                  <foreach close=")" collection="criterion.value" item="listItem" open="(" separator=",">
                    #{listItem}
                  </foreach>
                </when>
              </choose>
            </foreach>
          </trim>
        </if>
      </foreach>
    </where>
  </sql>
  <sql id="Update_By_Example_Where_Clause">
    <where>
      <foreach collection="example.oredCriteria" item="criteria" separator="or">
        <if test="criteria.valid">
          <trim prefix="(" prefixOverrides="and" suffix=")">
            <foreach collection="criteria.criteria" item="criterion">
              <choose>
                <when test="criterion.noValue">
                  and ${criterion.condition}
                </when>
                <when test="criterion.singleValue">
                  and ${criterion.condition} #{criterion.value}
                </when>
                <when test="criterion.betweenValue">
                  and ${criterion.condition} #{criterion.value} and #{criterion.secondValue}
                </when>
                <when test="criterion.listValue">
                  and ${criterion.condition}
                  <foreach close=")" collection="criterion.value" item="listItem" open="(" separator=",">
                    #{listItem}
                  </foreach>
                </when>
              </choose>
            </foreach>
          </trim>
        </if>
      </foreach>
    </where>
  </sql>
  <sql id="Base_Column_List">
    id, username, password, merchant_id, create_time, enable, parent_id, operator_name, 
    operator_description
  </sql>
  <select id="selectByExample" parameterType="com.ipaynow.domain.UserExample" resultMap="BaseResultMap">
    select
    <if test="distinct">
      distinct
    </if>
    <include refid="Base_Column_List" />
    from user
    <if test="_parameter != null">
      <include refid="Example_Where_Clause" />
    </if>
    <if test="orderByClause != null">
      order by ${orderByClause}
    </if>
  </select>
  <select id="selectByPrimaryKey" parameterType="java.lang.Integer" resultMap="BaseResultMap">
    select 
    <include refid="Base_Column_List" />
    from user
    where id = #{id,jdbcType=INTEGER}
  </select>
  <delete id="deleteByPrimaryKey" parameterType="java.lang.Integer">
    delete from user
    where id = #{id,jdbcType=INTEGER}
  </delete>
  <delete id="deleteByExample" parameterType="com.ipaynow.domain.UserExample">
    delete from user
    <if test="_parameter != null">
      <include refid="Example_Where_Clause" />
    </if>
  </delete>
  <insert id="insert" keyProperty="id" parameterType="com.ipaynow.domain.User" useGeneratedKeys="true">
    insert into user (username, password, merchant_id, 
      create_time, enable, parent_id, 
      operator_name, operator_description)
    values (#{username,jdbcType=VARCHAR}, #{password,jdbcType=VARCHAR}, #{merchantId,jdbcType=INTEGER}, 
      #{createTime,jdbcType=TIMESTAMP}, #{enable,jdbcType=INTEGER}, #{parentId,jdbcType=INTEGER}, 
      #{operatorName,jdbcType=VARCHAR}, #{operatorDescription,jdbcType=VARCHAR})
  </insert>
  <insert id="insertSelective" keyProperty="id" parameterType="com.ipaynow.domain.User" useGeneratedKeys="true">
    insert into user
    <trim prefix="(" suffix=")" suffixOverrides=",">
      <if test="username != null">
        username,
      </if>
      <if test="password != null">
        password,
      </if>
      <if test="merchantId != null">
        merchant_id,
      </if>
      <if test="createTime != null">
        create_time,
      </if>
      <if test="enable != null">
        enable,
      </if>
      <if test="parentId != null">
        parent_id,
      </if>
      <if test="operatorName != null">
        operator_name,
      </if>
      <if test="operatorDescription != null">
        operator_description,
      </if>
    </trim>
    <trim prefix="values (" suffix=")" suffixOverrides=",">
      <if test="username != null">
        #{username,jdbcType=VARCHAR},
      </if>
      <if test="password != null">
        #{password,jdbcType=VARCHAR},
      </if>
      <if test="merchantId != null">
        #{merchantId,jdbcType=INTEGER},
      </if>
      <if test="createTime != null">
        #{createTime,jdbcType=TIMESTAMP},
      </if>
      <if test="enable != null">
        #{enable,jdbcType=INTEGER},
      </if>
      <if test="parentId != null">
        #{parentId,jdbcType=INTEGER},
      </if>
      <if test="operatorName != null">
        #{operatorName,jdbcType=VARCHAR},
      </if>
      <if test="operatorDescription != null">
        #{operatorDescription,jdbcType=VARCHAR},
      </if>
    </trim>
  </insert>
  <select id="countByExample" parameterType="com.ipaynow.domain.UserExample" resultType="java.lang.Integer">
    select count(*) from user
    <if test="_parameter != null">
      <include refid="Example_Where_Clause" />
    </if>
  </select>
  <update id="updateByExampleSelective" parameterType="map">
    update user
    <set>
      <if test="record.id != null">
        id = #{record.id,jdbcType=INTEGER},
      </if>
      <if test="record.username != null">
        username = #{record.username,jdbcType=VARCHAR},
      </if>
      <if test="record.password != null">
        password = #{record.password,jdbcType=VARCHAR},
      </if>
      <if test="record.merchantId != null">
        merchant_id = #{record.merchantId,jdbcType=INTEGER},
      </if>
      <if test="record.createTime != null">
        create_time = #{record.createTime,jdbcType=TIMESTAMP},
      </if>
      <if test="record.enable != null">
        enable = #{record.enable,jdbcType=INTEGER},
      </if>
      <if test="record.parentId != null">
        parent_id = #{record.parentId,jdbcType=INTEGER},
      </if>
      <if test="record.operatorName != null">
        operator_name = #{record.operatorName,jdbcType=VARCHAR},
      </if>
      <if test="record.operatorDescription != null">
        operator_description = #{record.operatorDescription,jdbcType=VARCHAR},
      </if>
    </set>
    <if test="_parameter != null">
      <include refid="Update_By_Example_Where_Clause" />
    </if>
  </update>
  <update id="updateByExample" parameterType="map">
    update user
    set id = #{record.id,jdbcType=INTEGER},
      username = #{record.username,jdbcType=VARCHAR},
      password = #{record.password,jdbcType=VARCHAR},
      merchant_id = #{record.merchantId,jdbcType=INTEGER},
      create_time = #{record.createTime,jdbcType=TIMESTAMP},
      enable = #{record.enable,jdbcType=INTEGER},
      parent_id = #{record.parentId,jdbcType=INTEGER},
      operator_name = #{record.operatorName,jdbcType=VARCHAR},
      operator_description = #{record.operatorDescription,jdbcType=VARCHAR}
    <if test="_parameter != null">
      <include refid="Update_By_Example_Where_Clause" />
    </if>
  </update>
  <update id="updateByPrimaryKeySelective" parameterType="com.ipaynow.domain.User">
    update user
    <set>
      <if test="username != null">
        username = #{username,jdbcType=VARCHAR},
      </if>
      <if test="password != null">
        password = #{password,jdbcType=VARCHAR},
      </if>
      <if test="merchantId != null">
        merchant_id = #{merchantId,jdbcType=INTEGER},
      </if>
      <if test="createTime != null">
        create_time = #{createTime,jdbcType=TIMESTAMP},
      </if>
      <if test="enable != null">
        enable = #{enable,jdbcType=INTEGER},
      </if>
      <if test="parentId != null">
        parent_id = #{parentId,jdbcType=INTEGER},
      </if>
      <if test="operatorName != null">
        operator_name = #{operatorName,jdbcType=VARCHAR},
      </if>
      <if test="operatorDescription != null">
        operator_description = #{operatorDescription,jdbcType=VARCHAR},
      </if>
    </set>
    where id = #{id,jdbcType=INTEGER}
  </update>
  <update id="updateByPrimaryKey" parameterType="com.ipaynow.domain.User">
    update user
    set username = #{username,jdbcType=VARCHAR},
      password = #{password,jdbcType=VARCHAR},
      merchant_id = #{merchantId,jdbcType=INTEGER},
      create_time = #{createTime,jdbcType=TIMESTAMP},
      enable = #{enable,jdbcType=INTEGER},
      parent_id = #{parentId,jdbcType=INTEGER},
      operator_name = #{operatorName,jdbcType=VARCHAR},
      operator_description = #{operatorDescription,jdbcType=VARCHAR}
    where id = #{id,jdbcType=INTEGER}
  </update>
</mapper>