<?xml version="1.0" encoding="UTF-8"?>
<beans xmlns="http://www.springframework.org/schema/beans"
       xmlns:xsi="http://www.w3.org/2001/XMLSchema-instance"
       xmlns:context="http://www.springframework.org/schema/context"
       xmlns:mvc="http://www.springframework.org/schema/mvc"
       xmlns:aop="http://www.springframework.org/schema/aop"
       xsi:schemaLocation="http://www.springframework.org/schema/beans
                        http://www.springframework.org/schema/beans/spring-beans-3.2.xsd
                        http://www.springframework.org/schema/context
                        http://www.springframework.org/schema/context/spring-context-3.2.xsd
                        http://www.springframework.org/schema/mvc
                        http://www.springframework.org/schema/mvc/spring-mvc.xsd">
    <context:annotation-config/>
    <context:component-scan base-package="com.ipaynow.*">
        <context:exclude-filter type="annotation"
                                expression="org.springframework.stereotype.Controller"></context:exclude-filter>
    </context:component-scan>
    <context:property-placeholder location="classpath:ds.properties"></context:property-placeholder>
    <bean id="pooledDataSource" class="com.mchange.v2.c3p0.ComboPooledDataSource">
        <property name="user" value="${jdbc_username}"></property>
        <property name="jdbcUrl" value="${jdbc_url}"></property>
        <property name="password" value="${jdbc_password}"></property>
        <property name="driverClass" value="${jdbc_classDriver}"></property>
    </bean>
    <bean id="sqlSessionFactory" class="org.mybatis.spring.SqlSessionFactoryBean">
        <property name="dataSource" ref="pooledDataSource"></property>
        <property name="configLocation" value="classpath:mabatis.xml"></property>
        <property name="typeAliasesPackage" value="com.ipaynow.domain"></property>
    </bean>
    <bean id="mapperScannerConfigurer" class="org.mybatis.spring.mapper.MapperScannerConfigurer">
        <property name="basePackage" value="com.ipaynow.mapper"></property>
    </bean>

</beans>