<?xml version="1.0" encoding="UTF-8"?>
<beans xmlns="http://www.springframework.org/schema/beans"
       xmlns:xsi="http://www.w3.org/2001/XMLSchema-instance"
       xmlns:context="http://www.springframework.org/schema/context"
       xmlns:aop="http://www.springframework.org/schema/aop"
       xmlns:mvc="http://www.springframework.org/schema/mvc"
       xsi:schemaLocation="http://www.springframework.org/schema/beans http://www.springframework.org/schema/beans/spring-beans.xsd
                           http://www.springframework.org/schema/context http://www.springframework.org/schema/context/spring-context.xsd
                           http://www.springframework.org/schema/aop http://www.springframework.org/schema/aop/spring-aop.xsd
                           http://www.springframework.org/schema/mvc http://www.springframework.org/schema/mvc/spring-mvc.xsd">
    <context:component-scan base-package="com.ipaynow.*">
        <context:include-filter type="annotation"
                                expression="org.springframework.stereotype.Controller"></context:include-filter>
    </context:component-scan>
    <mvc:annotation-driven/>
    <!--视图解析器-->
    <bean id="viewResolver" class="org.springframework.web.servlet.view.InternalResourceViewResolver">
        <property name="prefix" value="/WEB-INF/view"></property>
        <property name="suffix" value=".jsp"></property>
    </bean>
    <!--拦截器-->
    <!--<mvc:interceptors>

    </mvc:interceptors>-->
    <context:annotation-config/>

</beans>